{"_via_settings":{"ui":{"annotation_editor_height":25,"annotation_editor_fontsize":0.8,"leftsidebar_width":18,"image_grid":{"img_height":80,"rshape_fill":"none","rshape_fill_opacity":0.3,"rshape_stroke":"yellow","rshape_stroke_width":2,"show_region_shape":true,"show_image_policy":"all"},"image":{"region_label":"class","region_label_font":"10px Sans"}},"core":{"buffer_size":18,"filepath":{},"default_filepath":""},"project":{"name":"via_project_13Oct2019_0h7m"}},"_via_img_metadata":{"img_001.jpg28798":{"filename":"img_001.jpg","size":28798,"regions":[{"shape_attributes":{"name":"rect","x":117,"y":63,"width":53,"height":149},"region_attributes":{"class":"Right"}},{"shape_attributes":{"name":"rect","x":251,"y":95,"width":49,"height":163},"region_attributes":{"class":"Left"}}],"file_attributes":{}},"img_002.jpg23916":{"filename":"img_002.jpg","size":23916,"regions":[{"shape_attributes":{"name":"rect","x":136,"y":27,"width":56,"height":151},"region_attributes":{"class":"Front"}},{"shape_attributes":{"name":"rect","x":285,"y":109,"width":44,"height":99},"region_attributes":{"class":"Front"}},{"shape_attributes":{"name":"rect","x":196,"y":76,"width":52,"height":117},"region_attributes":{"class":"Front"}}],"file_attributes":{}},"img_003.jpg33513":{"filename":"img_003.jpg","size":33513,"regions":[{"shape_attributes":{"name":"rect","x":165,"y":32,"width":27,"height":59},"region_attributes":{"class":"Right"}},{"shape_attributes":{"name":"rect","x":215,"y":44,"width":29,"height":49},"region_attributes":{"class":"DownLeft"}}],"file_attributes":{}},"img_004.jpg18505":{"filename":"img_004.jpg","size":18505,"regions":[{"shape_attributes":{"name":"rect","x":195,"y":117,"width":69,"height":172},"region_attributes":{"class":"Left"}},{"shape_attributes":{"name":"rect","x":117,"y":87,"width":51,"height":137},"region_attributes":{"class":"Right"}}],"file_attributes":{}},"img_005.jpg26698":{"filename":"img_005.jpg","size":26698,"regions":[{"shape_attributes":{"name":"rect","x":77,"y":63,"width":48,"height":93},"region_attributes":{"class":"Front"}},{"shape_attributes":{"name":"rect","x":260,"y":105,"width":47,"height":87},"region_attributes":{"class":"Front"}}],"file_attributes":{}},"img_006.jpg31760":{"filename":"img_006.jpg","size":31760,"regions":[{"shape_attributes":{"name":"rect","x":77,"y":17,"width":51,"height":152},"region_attributes":{"class":"Up"}},{"shape_attributes":{"name":"rect","x":260,"y":104,"width":64,"height":180},"region_attributes":{"class":"Front"}}],"file_attributes":{}},"img_007.jpg21518":{"filename":"img_007.jpg","size":21518,"regions":[{"shape_attributes":{"name":"rect","x":153,"y":37,"width":68,"height":193},"region_attributes":{"class":"Front"}},{"shape_attributes":{"name":"rect","x":17,"y":29,"width":113,"height":253},"region_attributes":{"class":"Back"}}],"file_attributes":{}},"img_008.jpg23295":{"filename":"img_008.jpg","size":23295,"regions":[{"shape_attributes":{"name":"rect","x":45,"y":68,"width":84,"height":193},"region_attributes":{"class":"Front"}},{"shape_attributes":{"name":"rect","x":271,"y":4,"width":120,"height":145},"region_attributes":{"class":"Back"}}],"file_attributes":{}},"img_009.jpg26956":{"filename":"img_009.jpg","size":26956,"regions":[{"shape_attributes":{"name":"rect","x":85,"y":45,"width":85,"height":160},"region_attributes":{"class":"Right"}},{"shape_attributes":{"name":"rect","x":280,"y":24,"width":43,"height":72},"region_attributes":{"class":"UpRight"}}],"file_attributes":{}},"img_010.jpg18524":{"filename":"img_010.jpg","size":18524,"regions":[{"shape_attributes":{"name":"rect","x":203,"y":81,"width":103,"height":181},"region_attributes":{"class":"Right"}}],"file_attributes":{}},"img_011.jpg19173":{"filename":"img_011.jpg","size":19173,"regions":[{"shape_attributes":{"name":"rect","x":184,"y":47,"width":39,"height":109},"region_attributes":{"class":"Right"}},{"shape_attributes":{"name":"rect","x":272,"y":84,"width":64,"height":135},"region_attributes":{"class":"Left"}}],"file_attributes":{}},"img_012.jpg17428":{"filename":"img_012.jpg","size":17428,"regions":[{"shape_attributes":{"name":"rect","x":233,"y":79,"width":36,"height":111},"region_attributes":{"class":"Left"}},{"shape_attributes":{"name":"rect","x":167,"y":65,"width":64,"height":133},"region_attributes":{"class":"DownRight"}}],"file_attributes":{}},"img_013.jpg20683":{"filename":"img_013.jpg","size":20683,"regions":[{"shape_attributes":{"name":"rect","x":64,"y":25,"width":89,"height":209},"region_attributes":{"class":"DownRight"}},{"shape_attributes":{"name":"rect","x":233,"y":95,"width":120,"height":239},"region_attributes":{"class":"Front"}}],"file_attributes":{}},"img_014.jpg29052":{"filename":"img_014.jpg","size":29052,"regions":[{"shape_attributes":{"name":"rect","x":20,"y":47,"width":143,"height":191},"region_attributes":{"class":"Front"}},{"shape_attributes":{"name":"rect","x":228,"y":51,"width":140,"height":185},"region_attributes":{"class":"Front"}}],"file_attributes":{}},"img_015.jpg15096":{"filename":"img_015.jpg","size":15096,"regions":[{"shape_attributes":{"name":"rect","x":52,"y":63,"width":27,"height":51},"region_attributes":{"class":"DownRight"}},{"shape_attributes":{"name":"rect","x":139,"y":76,"width":29,"height":53},"region_attributes":{"class":"Front"}},{"shape_attributes":{"name":"rect","x":235,"y":65,"width":27,"height":55},"region_attributes":{"class":"DownLeft"}},{"shape_attributes":{"name":"rect","x":317,"y":140,"width":81,"height":119},"region_attributes":{"class":"Back"}}],"file_attributes":{}},"img_016.jpg21953":{"filename":"img_016.jpg","size":21953,"regions":[{"shape_attributes":{"name":"rect","x":101,"y":51,"width":143,"height":187},"region_attributes":{"class":"Left"}}],"file_attributes":{}},"img_017.jpg33333":{"filename":"img_017.jpg","size":33333,"regions":[{"shape_attributes":{"name":"rect","x":160,"y":108,"width":20,"height":43},"region_attributes":{"class":"Right"}},{"shape_attributes":{"name":"rect","x":341,"y":99,"width":45,"height":72},"region_attributes":{"class":"Left"}},{"shape_attributes":{"name":"rect","x":39,"y":64,"width":23,"height":52},"region_attributes":{"class":"Front"}},{"shape_attributes":{"name":"rect","x":359,"y":9,"width":20,"height":39},"region_attributes":{"class":"Back"}}],"file_attributes":{}},"img_018.jpg21652":{"filename":"img_018.jpg","size":21652,"regions":[{"shape_attributes":{"name":"rect","x":135,"y":104,"width":111,"height":191},"region_attributes":{"class":"DownLeft"}}],"file_attributes":{}},"img_019.jpg22112":{"filename":"img_019.jpg","size":22112,"regions":[{"shape_attributes":{"name":"rect","x":49,"y":53,"width":65,"height":99},"region_attributes":{"class":"Front"}},{"shape_attributes":{"name":"rect","x":221,"y":64,"width":51,"height":79},"region_attributes":{"class":"Front"}},{"shape_attributes":{"name":"rect","x":333,"y":77,"width":24,"height":52},"region_attributes":{"class":"Left"}},{"shape_attributes":{"name":"rect","x":303,"y":101,"width":27,"height":49},"region_attributes":{"class":"Front"}}],"file_attributes":{}},"img_020.jpg26742":{"filename":"img_020.jpg","size":26742,"regions":[{"shape_attributes":{"name":"rect","x":81,"y":36,"width":63,"height":175},"region_attributes":{"class":"Front"}},{"shape_attributes":{"name":"rect","x":231,"y":36,"width":96,"height":185},"region_attributes":{"class":"Front"}}],"file_attributes":{}},"img_021.jpg14585":{"filename":"img_021.jpg","size":14585,"regions":[{"shape_attributes":{"name":"rect","x":104,"y":97,"width":135,"height":171},"region_attributes":{"class":"Left"}}],"file_attributes":{}},"img_022.jpg29175":{"filename":"img_022.jpg","size":29175,"regions":[{"shape_attributes":{"name":"rect","x":61,"y":55,"width":61,"height":129},"region_attributes":{"class":"Front"}},{"shape_attributes":{"name":"rect","x":139,"y":132,"width":76,"height":127},"region_attributes":{"class":"DownLeft"}},{"shape_attributes":{"name":"rect","x":231,"y":116,"width":84,"height":131},"region_attributes":{"class":"Front"}}],"file_attributes":{}},"img_023.jpg28204":{"filename":"img_023.jpg","size":28204,"regions":[{"shape_attributes":{"name":"rect","x":55,"y":83,"width":144,"height":152},"region_attributes":{"class":"DownLeft"}}],"file_attributes":{}},"img_024.jpg31456":{"filename":"img_024.jpg","size":31456,"regions":[{"shape_attributes":{"name":"rect","x":221,"y":20,"width":60,"height":128},"region_attributes":{"class":"Left"}},{"shape_attributes":{"name":"rect","x":92,"y":7,"width":45,"height":129},"region_attributes":{"class":"Right"}}],"file_attributes":{}},"img_025.jpg19920":{"filename":"img_025.jpg","size":19920,"regions":[{"shape_attributes":{"name":"rect","x":113,"y":76,"width":171,"height":156},"region_attributes":{"class":"Front"}}],"file_attributes":{}},"img_026.jpg20548":{"filename":"img_026.jpg","size":20548,"regions":[{"shape_attributes":{"name":"rect","x":220,"y":139,"width":28,"height":52},"region_attributes":{"class":"Front"}},{"shape_attributes":{"name":"rect","x":291,"y":36,"width":33,"height":52},"region_attributes":{"class":"Down"}},{"shape_attributes":{"name":"rect","x":327,"y":227,"width":35,"height":67},"region_attributes":{"class":"UpLeft"}},{"shape_attributes":{"name":"rect","x":24,"y":256,"width":44,"height":80},"region_attributes":{"class":"UpRight"}}],"file_attributes":{}},"img_027.jpg25535":{"filename":"img_027.jpg","size":25535,"regions":[{"shape_attributes":{"name":"rect","x":96,"y":47,"width":36,"height":64},"region_attributes":{"class":"Right"}},{"shape_attributes":{"name":"rect","x":247,"y":40,"width":45,"height":69},"region_attributes":{"class":"Left"}}],"file_attributes":{}},"img_028.jpg24263":{"filename":"img_028.jpg","size":24263,"regions":[{"shape_attributes":{"name":"rect","x":131,"y":105,"width":53,"height":93},"region_attributes":{"class":"Front"}},{"shape_attributes":{"name":"rect","x":251,"y":104,"width":45,"height":92},"region_attributes":{"class":"Left"}},{"shape_attributes":{"name":"rect","x":60,"y":5,"width":73,"height":115},"region_attributes":{"class":"Back"}}],"file_attributes":{}},"img_029.jpg22329":{"filename":"img_029.jpg","size":22329,"regions":[{"shape_attributes":{"name":"rect","x":76,"y":156,"width":55,"height":131},"region_attributes":{"class":"Right"}},{"shape_attributes":{"name":"rect","x":235,"y":64,"width":85,"height":168},"region_attributes":{"class":"Front"}}],"file_attributes":{}},"img_030.jpg35272":{"filename":"img_030.jpg","size":35272,"regions":[{"shape_attributes":{"name":"rect","x":203,"y":56,"width":52,"height":57},"region_attributes":{"class":"Front"}}],"file_attributes":{}},"img_031.jpg22177":{"filename":"img_031.jpg","size":22177,"regions":[{"shape_attributes":{"name":"rect","x":67,"y":37,"width":37,"height":112},"region_attributes":{"class":"Front"}},{"shape_attributes":{"name":"rect","x":276,"y":79,"width":31,"height":103},"region_attributes":{"class":"Left"}}],"file_attributes":{}},"img_032.jpg25390":{"filename":"img_032.jpg","size":25390,"regions":[{"shape_attributes":{"name":"rect","x":67,"y":39,"width":75,"height":135},"region_attributes":{"class":"Front"}},{"shape_attributes":{"name":"rect","x":268,"y":233,"width":63,"height":137},"region_attributes":{"class":"Front"}},{"shape_attributes":{"name":"rect","x":56,"y":232,"width":76,"height":139},"region_attributes":{"class":"Front"}},{"shape_attributes":{"name":"rect","x":257,"y":57,"width":79,"height":112},"region_attributes":{"class":"Front"}}],"file_attributes":{}},"img_033.jpg28612":{"filename":"img_033.jpg","size":28612,"regions":[{"shape_attributes":{"name":"rect","x":84,"y":89,"width":53,"height":65},"region_attributes":{"class":"Front"}},{"shape_attributes":{"name":"rect","x":213,"y":67,"width":65,"height":73},"region_attributes":{"class":"Left"}}],"file_attributes":{}},"img_034.jpg22962":{"filename":"img_034.jpg","size":22962,"regions":[{"shape_attributes":{"name":"rect","x":72,"y":111,"width":61,"height":103},"region_attributes":{"class":"Left"}},{"shape_attributes":{"name":"rect","x":331,"y":111,"width":59,"height":89},"region_attributes":{"class":"Left"}}],"file_attributes":{}},"img_035.jpg16801":{"filename":"img_035.jpg","size":16801,"regions":[{"shape_attributes":{"name":"rect","x":136,"y":55,"width":159,"height":205},"region_attributes":{"class":"Front"}}],"file_attributes":{}},"img_036.jpg13294":{"filename":"img_036.jpg","size":13294,"regions":[{"shape_attributes":{"name":"rect","x":151,"y":15,"width":89,"height":195},"region_attributes":{"class":"Right"}}],"file_attributes":{}},"img_037.jpg27794":{"filename":"img_037.jpg","size":27794,"regions":[{"shape_attributes":{"name":"rect","x":191,"y":51,"width":115,"height":251},"region_attributes":{"class":"Left"}},{"shape_attributes":{"name":"rect","x":117,"y":197,"width":44,"height":124},"region_attributes":{"class":"Right"}},{"shape_attributes":{"name":"rect","x":55,"y":88,"width":29,"height":87},"region_attributes":{"class":"Right"}}],"file_attributes":{}},"img_038.jpg22037":{"filename":"img_038.jpg","size":22037,"regions":[{"shape_attributes":{"name":"rect","x":60,"y":83,"width":47,"height":84},"region_attributes":{"class":"Up"}},{"shape_attributes":{"name":"rect","x":153,"y":29,"width":47,"height":109},"region_attributes":{"class":"UpLeft"}}],"file_attributes":{}},"img_039.jpg19143":{"filename":"img_039.jpg","size":19143,"regions":[{"shape_attributes":{"name":"rect","x":69,"y":51,"width":53,"height":139},"region_attributes":{"class":"Right"}},{"shape_attributes":{"name":"rect","x":177,"y":57,"width":57,"height":129},"region_attributes":{"class":"Left"}},{"shape_attributes":{"name":"rect","x":121,"y":103,"width":28,"height":97},"region_attributes":{"class":"UpRight"}}],"file_attributes":{}},"img_040.jpg18747":{"filename":"img_040.jpg","size":18747,"regions":[{"shape_attributes":{"name":"rect","x":128,"y":20,"width":115,"height":257},"region_attributes":{"class":"Front"}}],"file_attributes":{}},"img_041.jpg29881":{"filename":"img_041.jpg","size":29881,"regions":[{"shape_attributes":{"name":"rect","x":61,"y":53,"width":64,"height":128},"region_attributes":{"class":"Right"}},{"shape_attributes":{"name":"rect","x":233,"y":88,"width":75,"height":175},"region_attributes":{"class":"Front"}}],"file_attributes":{}},"img_042.jpg14901":{"filename":"img_042.jpg","size":14901,"regions":[{"shape_attributes":{"name":"rect","x":116,"y":60,"width":120,"height":141},"region_attributes":{"class":"Front"}}],"file_attributes":{}},"img_043.jpg20399":{"filename":"img_043.jpg","size":20399,"regions":[{"shape_attributes":{"name":"rect","x":68,"y":45,"width":217,"height":257},"region_attributes":{"class":"Left"}}],"file_attributes":{}},"img_044.jpg18145":{"filename":"img_044.jpg","size":18145,"regions":[{"shape_attributes":{"name":"rect","x":161,"y":41,"width":173,"height":317},"region_attributes":{"class":"Front"}}],"file_attributes":{}},"img_045.jpg27932":{"filename":"img_045.jpg","size":27932,"regions":[{"shape_attributes":{"name":"rect","x":115,"y":60,"width":187,"height":183},"region_attributes":{"class":"Front"}}],"file_attributes":{}},"img_046.jpg29326":{"filename":"img_046.jpg","size":29326,"regions":[{"shape_attributes":{"name":"rect","x":273,"y":151,"width":45,"height":67},"region_attributes":{"class":"Left"}},{"shape_attributes":{"name":"rect","x":69,"y":213,"width":35,"height":51},"region_attributes":{"class":"Right"}},{"shape_attributes":{"name":"rect","x":107,"y":12,"width":33,"height":39},"region_attributes":{"class":"DownRight"}}],"file_attributes":{}},"img_047.jpg20449":{"filename":"img_047.jpg","size":20449,"regions":[{"shape_attributes":{"name":"rect","x":180,"y":36,"width":97,"height":244},"region_attributes":{"class":"Down"}}],"file_attributes":{}},"img_048.jpg28299":{"filename":"img_048.jpg","size":28299,"regions":[{"shape_attributes":{"name":"rect","x":124,"y":11,"width":51,"height":77},"region_attributes":{"class":"UpLeft"}},{"shape_attributes":{"name":"rect","x":295,"y":80,"width":39,"height":76},"region_attributes":{"class":"UpLeft"}},{"shape_attributes":{"name":"rect","x":76,"y":88,"width":37,"height":49},"region_attributes":{"class":"UpLeft"}}],"file_attributes":{}},"img_049.jpg18309":{"filename":"img_049.jpg","size":18309,"regions":[{"shape_attributes":{"name":"rect","x":89,"y":103,"width":76,"height":140},"region_attributes":{"class":"Right"}},{"shape_attributes":{"name":"rect","x":283,"y":116,"width":51,"height":117},"region_attributes":{"class":"Left"}},{"shape_attributes":{"name":"rect","x":207,"y":116,"width":63,"height":87},"region_attributes":{"class":"Back"}}],"file_attributes":{}},"img_050.jpg19471":{"filename":"img_050.jpg","size":19471,"regions":[{"shape_attributes":{"name":"rect","x":69,"y":68,"width":53,"height":105},"region_attributes":{"class":"Front"}}],"file_attributes":{}},"img_051.jpg20359":{"filename":"img_051.jpg","size":20359,"regions":[{"shape_attributes":{"name":"rect","x":64,"y":84,"width":103,"height":239},"region_attributes":{"class":"Right"}},{"shape_attributes":{"name":"rect","x":225,"y":77,"width":115,"height":272},"region_attributes":{"class":"Left"}}],"file_attributes":{}},"img_052.jpg23564":{"filename":"img_052.jpg","size":23564,"regions":[{"shape_attributes":{"name":"rect","x":124,"y":51,"width":60,"height":140},"region_attributes":{"class":"UpRight"}},{"shape_attributes":{"name":"rect","x":216,"y":33,"width":103,"height":173},"region_attributes":{"class":"Left"}},{"shape_attributes":{"name":"rect","x":44,"y":104,"width":28,"height":59},"region_attributes":{"class":"DownLeft"}}],"file_attributes":{}},"img_053.jpg31698":{"filename":"img_053.jpg","size":31698,"regions":[{"shape_attributes":{"name":"rect","x":69,"y":96,"width":67,"height":107},"region_attributes":{"class":"UpRight"}},{"shape_attributes":{"name":"rect","x":220,"y":59,"width":93,"height":129},"region_attributes":{"class":"Left"}}],"file_attributes":{}},"img_054.jpg30810":{"filename":"img_054.jpg","size":30810,"regions":[{"shape_attributes":{"name":"rect","x":151,"y":41,"width":72,"height":127},"region_attributes":{"class":"Left"}},{"shape_attributes":{"name":"rect","x":245,"y":160,"width":89,"height":127},"region_attributes":{"class":"Front"}},{"shape_attributes":{"name":"rect","x":69,"y":191,"width":76,"height":113},"region_attributes":{"class":"Front"}}],"file_attributes":{}},"img_055.jpg14716":{"filename":"img_055.jpg","size":14716,"regions":[{"shape_attributes":{"name":"rect","x":93,"y":21,"width":92,"height":116},"region_attributes":{"class":"Right"}},{"shape_attributes":{"name":"rect","x":128,"y":217,"width":81,"height":133},"region_attributes":{"class":"Right"}},{"shape_attributes":{"name":"rect","x":235,"y":203,"width":137,"height":161},"region_attributes":{"class":"Back"}},{"shape_attributes":{"name":"rect","x":243,"y":1,"width":147,"height":144},"region_attributes":{"class":"Back"}}],"file_attributes":{}},"img_056.jpg11025":{"filename":"img_056.jpg","size":11025,"regions":[{"shape_attributes":{"name":"rect","x":196,"y":20,"width":53,"height":103},"region_attributes":{"class":"Left"}}],"file_attributes":{}},"img_057.jpg27625":{"filename":"img_057.jpg","size":27625,"regions":[{"shape_attributes":{"name":"rect","x":16,"y":60,"width":95,"height":171},"region_attributes":{"class":"Front"}},{"shape_attributes":{"name":"rect","x":192,"y":49,"width":57,"height":139},"region_attributes":{"class":"Right"}},{"shape_attributes":{"name":"rect","x":287,"y":32,"width":80,"height":155},"region_attributes":{"class":"UpLeft"}}],"file_attributes":{}},"img_058.jpg27307":{"filename":"img_058.jpg","size":27307,"regions":[{"shape_attributes":{"name":"rect","x":140,"y":65,"width":55,"height":113},"region_attributes":{"class":"Right"}},{"shape_attributes":{"name":"rect","x":264,"y":24,"width":37,"height":84},"region_attributes":{"class":"DownLeft"}}],"file_attributes":{}},"img_059.jpg27452":{"filename":"img_059.jpg","size":27452,"regions":[{"shape_attributes":{"name":"rect","x":123,"y":61,"width":25,"height":65},"region_attributes":{"class":"Right"}},{"shape_attributes":{"name":"rect","x":187,"y":76,"width":25,"height":57},"region_attributes":{"class":"Left"}},{"shape_attributes":{"name":"rect","x":245,"y":23,"width":25,"height":42},"region_attributes":{"class":"DownLeft"}}],"file_attributes":{}},"img_060.jpg20563":{"filename":"img_060.jpg","size":20563,"regions":[{"shape_attributes":{"name":"rect","x":116,"y":59,"width":76,"height":219},"region_attributes":{"class":"Front"}},{"shape_attributes":{"name":"rect","x":190,"y":69,"width":71,"height":190},"region_attributes":{"class":"Right"}}],"file_attributes":{}},"img_061.jpg23474":{"filename":"img_061.jpg","size":23474,"regions":[{"shape_attributes":{"name":"rect","x":88,"y":49,"width":84,"height":134},"region_attributes":{"class":"Right"}},{"shape_attributes":{"name":"rect","x":272,"y":93,"width":79,"height":99},"region_attributes":{"class":"Front"}}],"file_attributes":{}},"img_062.jpg27290":{"filename":"img_062.jpg","size":27290,"regions":[{"shape_attributes":{"name":"rect","x":118,"y":75,"width":30,"height":98},"region_attributes":{"class":"Right"}},{"shape_attributes":{"name":"rect","x":235,"y":55,"width":49,"height":114},"region_attributes":{"class":"Left"}}],"file_attributes":{}},"img_063.jpg20798":{"filename":"img_063.jpg","size":20798,"regions":[{"shape_attributes":{"name":"rect","x":95,"y":87,"width":91,"height":225},"region_attributes":{"class":"Right"}},{"shape_attributes":{"name":"rect","x":254,"y":70,"width":83,"height":210},"region_attributes":{"class":"Front"}},{"shape_attributes":{"name":"rect","x":347,"y":74,"width":46,"height":193},"region_attributes":{"class":"Right"}},{"shape_attributes":{"name":"rect","x":186,"y":92,"width":35,"height":106},"region_attributes":{"class":"Right"}}],"file_attributes":{}},"img_064.jpg24833":{"filename":"img_064.jpg","size":24833,"regions":[{"shape_attributes":{"name":"rect","x":5,"y":177,"width":49,"height":129},"region_attributes":{"class":"Front"}},{"shape_attributes":{"name":"rect","x":250,"y":6,"width":65,"height":165},"region_attributes":{"class":"Down"}},{"shape_attributes":{"name":"rect","x":196,"y":146,"width":65,"height":148},"region_attributes":{"class":"DownRight"}}],"file_attributes":{}},"img_065.jpg27165":{"filename":"img_065.jpg","size":27165,"regions":[{"shape_attributes":{"name":"rect","x":68,"y":44,"width":39,"height":126},"region_attributes":{"class":"Right"}},{"shape_attributes":{"name":"rect","x":276,"y":88,"width":52,"height":128},"region_attributes":{"class":"Left"}},{"shape_attributes":{"name":"rect","x":223,"y":145,"width":38,"height":78},"region_attributes":{"class":"Left"}}],"file_attributes":{}},"img_066.jpg24254":{"filename":"img_066.jpg","size":24254,"regions":[{"shape_attributes":{"name":"rect","x":72,"y":31,"width":53,"height":138},"region_attributes":{"class":"Right"}},{"shape_attributes":{"name":"rect","x":300,"y":63,"width":56,"height":126},"region_attributes":{"class":"Left"}}],"file_attributes":{}},"img_067.jpg20828":{"filename":"img_067.jpg","size":20828,"regions":[{"shape_attributes":{"name":"rect","x":102,"y":29,"width":56,"height":155},"region_attributes":{"class":"Right"}},{"shape_attributes":{"name":"rect","x":311,"y":100,"width":51,"height":131},"region_attributes":{"class":"UpLeft"}}],"file_attributes":{}},"img_068.jpg14771":{"filename":"img_068.jpg","size":14771,"regions":[{"shape_attributes":{"name":"rect","x":75,"y":68,"width":119,"height":289},"region_attributes":{"class":"Right"}},{"shape_attributes":{"name":"rect","x":185,"y":46,"width":114,"height":277},"region_attributes":{"class":"Front"}}],"file_attributes":{}},"img_069.jpg23305":{"filename":"img_069.jpg","size":23305,"regions":[{"shape_attributes":{"name":"rect","x":115,"y":95,"width":86,"height":250},"region_attributes":{"class":"Right"}},{"shape_attributes":{"name":"rect","x":205,"y":44,"width":184,"height":313},"region_attributes":{"class":"Back"}}],"file_attributes":{}},"img_070.jpg22497":{"filename":"img_070.jpg","size":22497,"regions":[{"shape_attributes":{"name":"rect","x":47,"y":72,"width":26,"height":72},"region_attributes":{"class":"Front"}},{"shape_attributes":{"name":"rect","x":155,"y":89,"width":26,"height":66},"region_attributes":{"class":"Front"}},{"shape_attributes":{"name":"rect","x":316,"y":18,"width":31,"height":66},"region_attributes":{"class":"Front"}}],"file_attributes":{}},"img_071.jpg18505":{"filename":"img_071.jpg","size":18505,"regions":[{"shape_attributes":{"name":"rect","x":88,"y":35,"width":95,"height":186},"region_attributes":{"class":"UpRight"}},{"shape_attributes":{"name":"rect","x":193,"y":39,"width":90,"height":190},"region_attributes":{"class":"Right"}}],"file_attributes":{}},"img_072.jpg22405":{"filename":"img_072.jpg","size":22405,"regions":[{"shape_attributes":{"name":"rect","x":210,"y":64,"width":60,"height":135},"region_attributes":{"class":"DownLeft"}},{"shape_attributes":{"name":"rect","x":95,"y":85,"width":90,"height":169},"region_attributes":{"class":"Back"}}],"file_attributes":{}},"img_073.jpg14532":{"filename":"img_073.jpg","size":14532,"regions":[{"shape_attributes":{"name":"rect","x":116,"y":68,"width":110,"height":230},"region_attributes":{"class":"Right"}}],"file_attributes":{}},"img_074.jpg33178":{"filename":"img_074.jpg","size":33178,"regions":[{"shape_attributes":{"name":"rect","x":51,"y":85,"width":39,"height":78},"region_attributes":{"class":"Down"}},{"shape_attributes":{"name":"rect","x":191,"y":79,"width":40,"height":79},"region_attributes":{"class":"DownLeft"}},{"shape_attributes":{"name":"rect","x":252,"y":66,"width":45,"height":87},"region_attributes":{"class":"Back"}},{"shape_attributes":{"name":"rect","x":303,"y":77,"width":67,"height":150},"region_attributes":{"class":"DownLeft"}}],"file_attributes":{}},"img_075.jpg24704":{"filename":"img_075.jpg","size":24704,"regions":[{"shape_attributes":{"name":"rect","x":132,"y":56,"width":46,"height":87},"region_attributes":{"class":"Front"}},{"shape_attributes":{"name":"rect","x":223,"y":53,"width":38,"height":81},"region_attributes":{"class":"Front"}}],"file_attributes":{}},"img_076.jpg33974":{"filename":"img_076.jpg","size":33974,"regions":[{"shape_attributes":{"name":"rect","x":171,"y":65,"width":54,"height":89},"region_attributes":{"class":"Right"}},{"shape_attributes":{"name":"rect","x":249,"y":46,"width":30,"height":47},"region_attributes":{"class":"Front"}},{"shape_attributes":{"name":"rect","x":95,"y":40,"width":29,"height":55},"region_attributes":{"class":"Front"}},{"shape_attributes":{"name":"rect","x":213,"y":57,"width":24,"height":47},"region_attributes":{"class":"Front"}}],"file_attributes":{}},"img_077.jpg18500":{"filename":"img_077.jpg","size":18500,"regions":[{"shape_attributes":{"name":"rect","x":108,"y":75,"width":156,"height":258},"region_attributes":{"class":"Front"}}],"file_attributes":{}},"img_078.jpg42717":{"filename":"img_078.jpg","size":42717,"regions":[{"shape_attributes":{"name":"rect","x":110,"y":67,"width":57,"height":111},"region_attributes":{"class":"Left"}},{"shape_attributes":{"name":"rect","x":242,"y":203,"width":67,"height":117},"region_attributes":{"class":"UpLeft"}}],"file_attributes":{}},"img_079.jpg21839":{"filename":"img_079.jpg","size":21839,"regions":[{"shape_attributes":{"name":"rect","x":117,"y":40,"width":147,"height":332},"region_attributes":{"class":"Front"}}],"file_attributes":{}},"img_080.jpg11049":{"filename":"img_080.jpg","size":11049,"regions":[{"shape_attributes":{"name":"rect","x":52,"y":66,"width":82,"height":167},"region_attributes":{"class":"Right"}},{"shape_attributes":{"name":"rect","x":239,"y":40,"width":143,"height":198},"region_attributes":{"class":"Left"}}],"file_attributes":{}},"img_081.jpg18103":{"filename":"img_081.jpg","size":18103,"regions":[{"shape_attributes":{"name":"rect","x":289,"y":55,"width":55,"height":126},"region_attributes":{"class":"Front"}},{"shape_attributes":{"name":"rect","x":142,"y":16,"width":51,"height":135},"region_attributes":{"class":"Right"}},{"shape_attributes":{"name":"rect","x":0,"y":5,"width":126,"height":383},"region_attributes":{"class":"Back"}}],"file_attributes":{}},"img_082.jpg12493":{"filename":"img_082.jpg","size":12493,"regions":[{"shape_attributes":{"name":"rect","x":3,"y":48,"width":73,"height":173},"region_attributes":{"class":"Right"}},{"shape_attributes":{"name":"rect","x":177,"y":103,"width":36,"height":72},"region_attributes":{"class":"Front"}},{"shape_attributes":{"name":"rect","x":309,"y":67,"width":61,"height":106},"region_attributes":{"class":"Right"}}],"file_attributes":{}},"img_083.jpg21252":{"filename":"img_083.jpg","size":21252,"regions":[{"shape_attributes":{"name":"rect","x":106,"y":44,"width":35,"height":68},"region_attributes":{"class":"UpRight"}},{"shape_attributes":{"name":"rect","x":146,"y":25,"width":44,"height":71},"region_attributes":{"class":"Left"}}],"file_attributes":{}},"img_084.jpg20147":{"filename":"img_084.jpg","size":20147,"regions":[{"shape_attributes":{"name":"rect","x":218,"y":62,"width":48,"height":106},"region_attributes":{"class":"Front"}}],"file_attributes":{}},"img_085.jpg26296":{"filename":"img_085.jpg","size":26296,"regions":[{"shape_attributes":{"name":"rect","x":201,"y":46,"width":44,"height":83},"region_attributes":{"class":"Down"}},{"shape_attributes":{"name":"rect","x":142,"y":33,"width":48,"height":111},"region_attributes":{"class":"DownRight"}}],"file_attributes":{}},"img_086.jpg15235":{"filename":"img_086.jpg","size":15235,"regions":[{"shape_attributes":{"name":"rect","x":80,"y":115,"width":62,"height":99},"region_attributes":{"class":"Front"}},{"shape_attributes":{"name":"rect","x":181,"y":163,"width":59,"height":114},"region_attributes":{"class":"Down"}}],"file_attributes":{}},"img_087.jpg12281":{"filename":"img_087.jpg","size":12281,"regions":[{"shape_attributes":{"name":"rect","x":202,"y":71,"width":71,"height":177},"region_attributes":{"class":"Right"}}],"file_attributes":{}},"img_088.jpg17587":{"filename":"img_088.jpg","size":17587,"regions":[{"shape_attributes":{"name":"rect","x":80,"y":99,"width":99,"height":187},"region_attributes":{"class":"Front"}}],"file_attributes":{}},"img_089.jpg22222":{"filename":"img_089.jpg","size":22222,"regions":[{"shape_attributes":{"name":"rect","x":152,"y":99,"width":109,"height":189},"region_attributes":{"class":"DownLeft"}}],"file_attributes":{}},"img_090.jpg21161":{"filename":"img_090.jpg","size":21161,"regions":[{"shape_attributes":{"name":"rect","x":127,"y":82,"width":81,"height":266},"region_attributes":{"class":"Right"}},{"shape_attributes":{"name":"rect","x":205,"y":203,"width":95,"height":190},"region_attributes":{"class":"Left"}}],"file_attributes":{}},"img_091.jpg29137":{"filename":"img_091.jpg","size":29137,"regions":[{"shape_attributes":{"name":"rect","x":165,"y":101,"width":46,"height":74},"region_attributes":{"class":"Up"}},{"shape_attributes":{"name":"rect","x":264,"y":17,"width":44,"height":93},"region_attributes":{"class":"Front"}}],"file_attributes":{}},"img_092.jpg19645":{"filename":"img_092.jpg","size":19645,"regions":[{"shape_attributes":{"name":"rect","x":168,"y":138,"width":78,"height":118},"region_attributes":{"class":"Front"}},{"shape_attributes":{"name":"rect","x":251,"y":44,"width":86,"height":140},"region_attributes":{"class":"Front"}}],"file_attributes":{}},"img_093.jpg20322":{"filename":"img_093.jpg","size":20322,"regions":[{"shape_attributes":{"name":"rect","x":125,"y":64,"width":63,"height":117},"region_attributes":{"class":"DownLeft"}},{"shape_attributes":{"name":"rect","x":198,"y":78,"width":54,"height":118},"region_attributes":{"class":"DownLeft"}}],"file_attributes":{}},"img_094.jpg26529":{"filename":"img_094.jpg","size":26529,"regions":[{"shape_attributes":{"name":"rect","x":112,"y":127,"width":76,"height":117},"region_attributes":{"class":"Front"}},{"shape_attributes":{"name":"rect","x":215,"y":53,"width":75,"height":128},"region_attributes":{"class":"Front"}}],"file_attributes":{}},"img_095.jpg25053":{"filename":"img_095.jpg","size":25053,"regions":[{"shape_attributes":{"name":"rect","x":141,"y":80,"width":23,"height":48},"region_attributes":{"class":"Left"}},{"shape_attributes":{"name":"rect","x":221,"y":51,"width":32,"height":57},"region_attributes":{"class":"Front"}}],"file_attributes":{}},"img_096.jpg23214":{"filename":"img_096.jpg","size":23214,"regions":[{"shape_attributes":{"name":"rect","x":123,"y":49,"width":35,"height":75},"region_attributes":{"class":"Right"}},{"shape_attributes":{"name":"rect","x":289,"y":71,"width":37,"height":78},"region_attributes":{"class":"Left"}}],"file_attributes":{}},"img_097.jpg13440":{"filename":"img_097.jpg","size":13440,"regions":[{"shape_attributes":{"name":"rect","x":160,"y":58,"width":86,"height":191},"region_attributes":{"class":"Front"}}],"file_attributes":{}},"img_098.jpg30418":{"filename":"img_098.jpg","size":30418,"regions":[{"shape_attributes":{"name":"rect","x":159,"y":132,"width":108,"height":182},"region_attributes":{"class":"Back"}},{"shape_attributes":{"name":"rect","x":76,"y":84,"width":24,"height":60},"region_attributes":{"class":"Front"}},{"shape_attributes":{"name":"rect","x":300,"y":92,"width":26,"height":65},"region_attributes":{"class":"Down"}}],"file_attributes":{}},"img_099.jpg18030":{"filename":"img_099.jpg","size":18030,"regions":[{"shape_attributes":{"name":"rect","x":84,"y":54,"width":45,"height":92},"region_attributes":{"class":"Down"}},{"shape_attributes":{"name":"rect","x":286,"y":55,"width":67,"height":169},"region_attributes":{"class":"Front"}}],"file_attributes":{}},"img_100.jpg17996":{"filename":"img_100.jpg","size":17996,"regions":[{"shape_attributes":{"name":"rect","x":161,"y":96,"width":83,"height":149},"region_attributes":{"class":"Front"}}],"file_attributes":{}},"img_101.jpg20918":{"filename":"img_101.jpg","size":20918,"regions":[{"shape_attributes":{"name":"rect","x":196,"y":95,"width":83,"height":151},"region_attributes":{"class":"Front"}}],"file_attributes":{}},"img_102.jpg19175":{"filename":"img_102.jpg","size":19175,"regions":[{"shape_attributes":{"name":"rect","x":88,"y":115,"width":105,"height":191},"region_attributes":{"class":"Front"}},{"shape_attributes":{"name":"rect","x":185,"y":2,"width":99,"height":188},"region_attributes":{"class":"Up"}}],"file_attributes":{}},"img_103.jpg32958":{"filename":"img_103.jpg","size":32958,"regions":[{"shape_attributes":{"name":"rect","x":114,"y":68,"width":160,"height":212},"region_attributes":{"class":"Front"}}],"file_attributes":{}},"img_104.jpg22069":{"filename":"img_104.jpg","size":22069,"regions":[{"shape_attributes":{"name":"rect","x":135,"y":97,"width":59,"height":151},"region_attributes":{"class":"Right"}},{"shape_attributes":{"name":"rect","x":216,"y":75,"width":65,"height":192},"region_attributes":{"class":"Left"}}],"file_attributes":{}},"img_105.jpg15763":{"filename":"img_105.jpg","size":15763,"regions":[{"shape_attributes":{"name":"rect","x":47,"y":102,"width":92,"height":191},"region_attributes":{"class":"Right"}},{"shape_attributes":{"name":"rect","x":302,"y":10,"width":91,"height":170},"region_attributes":{"class":"DownLeft"}}],"file_attributes":{}},"img_106.jpg35844":{"filename":"img_106.jpg","size":35844,"regions":[{"shape_attributes":{"name":"rect","x":207,"y":114,"width":48,"height":94},"region_attributes":{"class":"UpRight"}},{"shape_attributes":{"name":"rect","x":233,"y":67,"width":52,"height":106},"region_attributes":{"class":"Left"}}],"file_attributes":{}},"img_107.jpg17465":{"filename":"img_107.jpg","size":17465,"regions":[{"shape_attributes":{"name":"rect","x":167,"y":71,"width":109,"height":249},"region_attributes":{"class":"Right"}}],"file_attributes":{}},"img_108.jpg27866":{"filename":"img_108.jpg","size":27866,"regions":[{"shape_attributes":{"name":"rect","x":112,"y":71,"width":76,"height":176},"region_attributes":{"class":"Front"}},{"shape_attributes":{"name":"rect","x":237,"y":127,"width":76,"height":138},"region_attributes":{"class":"Left"}}],"file_attributes":{}}},"_via_attributes":{"region":{"class":{"type":"dropdown","description":"","options":{"Front":"","Left":"","Right":"","Up":"","Down":"","UpLeft":"","UpRight":"","DownLeft":"","DownRight":"","Top":"","Back":""},"default_options":{}}},"file":{}}}